{"spatialReference":{"wkid":4326,"latestWkid":4326},"candidates":[{"address":"4730 Crystal Springs Dr, Los Angeles, California, 90027","location":{"x":-118.27359954489627,"y":34.119925573431679},"score":100,"attributes":{"Addr_type":"PointAddress"},"extent":{"xmin":-118.27390149999999,"ymin":34.119143000000001,"xmax":-118.27190149999998,"ymax":34.121142999999996}},{"address":"4730 Crystal Springs Rd, Los Angeles, California, 90027","location":{"x":-118.29234829074866,"y":34.140620002633298},"score":98.040000000000006,"attributes":{"Addr_type":"StreetAddress"},"extent":{"xmin":-118.29334829074867,"ymin":34.139620002633301,"xmax":-118.29134829074866,"ymax":34.141620002633296}}]}